image_name,caption
page1_High-rise_wide-leg_jeans_46.jpg,ERROR: Unable to locate credentials
page1_Horsebit_wool_and_cashmere_sweater_43.jpg,ERROR: Unable to locate credentials
page1_Hypnotic_floral_lace_midi_dress_48.jpg,ERROR: Unable to locate credentials
page1_Hypnotic_floral_linen_and_silk_minidress_25.jpg,ERROR: Unable to locate credentials
page1_Hypnotic_floral_linen_pencil_skirt_24.jpg,ERROR: Unable to locate credentials
page1_Hypnotic_floral_ramie_blouse_23.jpg,ERROR: Unable to locate credentials
page1_Hypnotic_linen_and_silk_organza_midi_dress_33.jpg,ERROR: Unable to locate credentials
page1_Hypnotic_ruffled_top_51.jpg,ERROR: Unable to locate credentials
page1_Iverness_knitted_cashmere_top_13.jpg,ERROR: Unable to locate credentials
page1_Margan_cotton_poplin_shirt_15.jpg,ERROR: Unable to locate credentials
page1_Ment_Bengal_stripe_cotton_poplin_shirt_3.jpg,ERROR: Unable to locate credentials
page1_Ness_denim_jacket_5.jpg,ERROR: Unable to locate credentials
page1_Off-shoulder_pleated_bustier_gown_17.jpg,ERROR: Unable to locate credentials
page1_Printed_blouse_37.jpg,ERROR: Unable to locate credentials
page1_Printed_silk_maxi_skirt_32.jpg,ERROR: Unable to locate credentials
page1_Printed_wide-leg_pants_38.jpg,ERROR: Unable to locate credentials
page1_Ribbed-knit_alpaca_and_yak_wool_cardigan_60.jpg,ERROR: Unable to locate credentials
page1_Single-breasted_wool_coat_45.jpg,ERROR: Unable to locate credentials
page1_Sunray_printed_midi_dress_34.jpg,ERROR: Unable to locate credentials
page1_Varda_leather_maxi_skirt_42.jpg,ERROR: Unable to locate credentials
